signal,n_obs,n_missing_signal,j_stat,j_p_value,j_df,j_moment_count
AnalystRevision,1654078,397812,279.1041702325438,0.0,14,14
FEPS,1654078,382971,288.94724841219505,0.0,14,14
ForecastDispersion,1654078,793877,563.609966043432,0.0,14,14
REV6,1652892,420122,348.8753353715985,0.0,14,14
