signal,total_count,raw_missing_count,tier1_missing_count,missing_removed_by_tier1,raw_missing_rate,tier1_missing_rate
AnalystRevision,1726967,423965,463151,-39186,0.24549687399932946,0.2681875218229416
FEPS,1726967,408425,448158,-39733,0.2364984391711017,0.2595058272682686
ForecastDispersion,1726967,839143,862292,-23149,0.48590563687667454,0.4993100620915165
REV6,1726967,478666,478666,0,0.2771714804046632,0.2771714804046632
