signal,benchmark_type,n_obs,n_missing,j_stat,j_p_value,j_mean_draw_p_value,reject_share,stage1_F_mean,stage1_p_combined,stage1_mean_draw_p_value
AnalystRevision,augmented_signal_history,1343831,301379,579.2023552417486,0.0,0.0,1.0,6.5539588112911416,0.0,1.9053092437104624e-12
AnalystRevision,fixed_x_obs,1343831,301379,347.9648828761407,0.0,0.0,1.0,7.613228559388236,0.0,2.156275158426979e-13
FEPS,augmented_signal_history,1343831,289955,398.67449062007444,0.0,0.007314141313052624,1.0,111.71054767952009,0.0,1.1102230246251565e-16
FEPS,fixed_x_obs,1343831,289955,17747.606443964072,0.0,0.0,1.0,39.48970575025705,0.0,1.1102230246251565e-16
ForecastDispersion,augmented_signal_history,1343831,627267,3224.548598963636,0.0,0.0,1.0,686.274100493633,0.0,1.1102230246251565e-16
ForecastDispersion,fixed_x_obs,995660,456103,5174.701822278739,0.0,0.0,1.0,38.07385906653265,0.0,1.1102230246251565e-16
REV6,augmented_signal_history,1351985,329449,7.334936524094042,5.712061103002597e-07,0.06195647922128491,0.0,39257.71102591218,0.0,1.1102230246251565e-16
REV6,fixed_x_obs,1351985,329449,1551.0826510597028,0.0,0.0,1.0,6.827284174003492,0.0,3.339550858072471e-14
